Asset_ID,YearMonth,Emissions_tCO2e,Consumption_Units
A001,2020-01-01,107.992008,258371.492
A001,2020-02-01,103.836612,252351.442
A001,2020-03-01,112.223889,274245.912
A001,2020-04-01,112.890954,278310.858
A001,2020-05-01,119.980866,299997.706
A001,2020-06-01,109.512894,274001.326
A001,2020-07-01,115.295118,288370.88
A001,2020-08-01,115.796397,286128.066
A001,2020-09-01,111.560898,276766.976
A001,2020-10-01,111.216699,269306.426
A001,2020-11-01,106.709565,258815.548
A001,2020-12-01,106.687545,253988.134
A001,2021-01-01,103.602351,254890.74599999998
A001,2021-02-01,94.604766,239016.778
A001,2021-03-01,109.651698,274767.254
A001,2021-04-01,106.88723399999999,275215.82
A001,2021-05-01,110.308611,284597.332
A001,2021-06-01,108.743838,284062.946
A001,2021-07-01,110.992005,280945.964
A001,2021-08-01,108.84288600000001,278701.54
A001,2021-09-01,105.96568500000001,274030.68
A001,2021-10-01,105.745461,266018.462
A001,2021-11-01,101.72088600000001,255105.53
A001,2021-12-01,102.374016,254138.094
A001,2022-01-01,96.774837,248507.272
A001,2022-02-01,90.645615,237227.098
A001,2022-03-01,103.5825,267873.296
A001,2022-04-01,101.559507,266682.86
A001,2022-05-01,108.97796100000001,292884.894
A001,2022-06-01,105.62937,284441.692
A001,2022-07-01,108.020751,292545.702
A001,2022-08-01,105.588432,283052.848
A001,2022-09-01,100.178733,270205.494
A001,2022-10-01,100.072704,264424.524
A001,2022-11-01,95.229207,248482.096
A001,2022-12-01,94.54301699999999,242463.302
A001,2023-01-01,94.876896,252462.368
A001,2023-02-01,86.062833,231562.942
A001,2023-03-01,95.105145,261353.4
A001,2023-04-01,95.630601,259928.472
A001,2023-05-01,102.814656,282650.39
A001,2023-06-01,99.529521,277651.278
A001,2023-07-01,103.909695,290245.1
A001,2023-08-01,105.024768,290128.252
A001,2023-09-01,97.174302,264381.894
A001,2023-10-01,97.366869,265217.642
A001,2023-11-01,94.184592,254141.588
A001,2023-12-01,94.422534,251079.49
A001,2024-01-01,91.058412,249604.08
A001,2024-02-01,84.832986,234172.0
A001,2024-03-01,92.076696,260455.174
A001,2024-04-01,93.329361,262996.77999999997
A001,2024-05-01,98.059971,277090.528
A001,2024-06-01,94.616313,268309.202
A001,2024-07-01,100.847592,283890.87
A001,2024-08-01,97.395279,273087.526
A001,2024-09-01,91.29216,257112.552
A001,2024-10-01,93.521022,262162.626
A001,2024-11-01,87.013311,241262.958
A001,2024-12-01,87.064032,238732.436
A001,2025-01-01,87.601491,248051.192
A001,2025-02-01,78.43969799999999,227053.692
A001,2025-03-01,89.931708,257791.828
A001,2025-04-01,84.854679,250023.206
A001,2025-05-01,93.388221,273107.01
A001,2025-06-01,92.68541400000001,278796.054
A001,2025-07-01,93.815718,278559.138
A001,2025-08-01,91.499853,266840.528
A001,2025-09-01,89.103384,259242.072
A001,2025-10-01,88.605912,253540.64
A001,2025-11-01,83.177046,237707.808
A001,2025-12-01,85.82257800000001,242797.862
A002,2020-01-01,86.963952,248043.468
A002,2020-02-01,86.137299,246409.44
A002,2020-03-01,90.344955,258798.256
A002,2020-04-01,93.395406,271733.554
A002,2020-05-01,97.365549,282267.91
A002,2020-06-01,97.50323399999999,286634.098
A002,2020-07-01,99.255723,290896.08
A002,2020-08-01,93.450306,271143.524
A002,2020-09-01,91.767903,266667.03
A002,2020-10-01,93.05051999999999,266124.066
A002,2020-11-01,86.999907,248611.078
A002,2020-12-01,88.201455,251888.838
A002,2021-01-01,83.998134,248251.81
A002,2021-02-01,78.488073,232262.176
A002,2021-03-01,88.808979,265460.28
A002,2021-04-01,88.290168,266625.616
A002,2021-05-01,92.340543,280496.776
A002,2021-06-01,89.53057799999999,269413.668
A002,2021-07-01,95.46795,287647.156
A002,2021-08-01,94.30331699999999,280242.774
A002,2021-09-01,91.425342,277040.47
A002,2021-10-01,89.711145,268373.12
A002,2021-11-01,83.33784,247433.16
A002,2021-12-01,85.345335,250670.164
A002,2022-01-01,79.524276,246036.726
A002,2022-02-01,72.667209,224778.44
A002,2022-03-01,85.754958,266031.818
A002,2022-04-01,83.612916,260467.618
A002,2022-05-01,87.279066,275766.442
A002,2022-06-01,86.466243,274939.302
A002,2022-07-01,85.862556,269878.216
A002,2022-08-01,88.25472,278172.222
A002,2022-09-01,82.044672,259913.734
A002,2022-10-01,81.921753,254355.302
A002,2022-11-01,77.214024,239321.40600000002
A002,2022-12-01,78.08268,241279.684
A002,2023-01-01,75.281817,241678.088
A002,2023-02-01,70.940463,228801.846
A002,2023-03-01,80.713095,259726.508
A002,2023-04-01,78.567921,253155.942
A002,2023-05-01,86.876997,282437.466
A002,2023-06-01,82.359873,267496.058
A002,2023-07-01,85.863009,277394.138
A002,2023-08-01,84.80325,274933.852
A002,2023-09-01,78.853314,254325.44
A002,2023-10-01,80.391672,260352.298
A002,2023-11-01,76.689174,245086.79
A002,2023-12-01,76.665174,247553.9
A002,2024-01-01,73.5282,246256.6
A002,2024-02-01,69.787914,235356.576
A002,2024-03-01,75.094605,252444.416
A002,2024-04-01,75.334647,251765.966
A002,2024-05-01,78.756624,265648.068
A002,2024-06-01,77.052879,258435.762
A002,2024-07-01,81.149046,272186.02
A002,2024-08-01,81.024627,271117.10599999997
A002,2024-09-01,75.054207,251616.498
A002,2024-10-01,75.618756,252745.608
A002,2024-11-01,69.938322,234890.988
A002,2024-12-01,70.704336,233754.128
A002,2025-01-01,68.253315,236844.50400000002
A002,2025-02-01,63.412760999999996,221133.176
A002,2025-03-01,72.388266,253359.888
A002,2025-04-01,73.620726,257804.828
A002,2025-05-01,78.011301,272511.87
A002,2025-06-01,73.714929,256170.478
A002,2025-07-01,76.761024,268227.75
A002,2025-08-01,74.775075,261036.922
A002,2025-09-01,72.77737499999999,253834.876
A002,2025-10-01,73.150419,254090.794
A002,2025-11-01,66.061002,228214.608
A002,2025-12-01,67.941906,238680.446
A003,2020-01-01,130.175034,311608.61
A003,2020-02-01,121.327155,289590.288
A003,2020-03-01,133.946079,323283.72
A003,2020-04-01,128.612388,317833.568
A003,2020-05-01,132.553407,327402.504
A003,2020-06-01,131.990565,326728.448
A003,2020-07-01,136.229181,335128.668
A003,2020-08-01,132.814086,324740.854
A003,2020-09-01,128.47892099999999,311289.56
A003,2020-10-01,129.135219,313749.72000000003
A003,2020-11-01,121.519269,288978.906
A003,2020-12-01,125.493864,301657.864
A003,2021-01-01,122.427645,302304.836
A003,2021-02-01,112.215918,275340.224
A003,2021-03-01,124.087506,306160.212
A003,2021-04-01,122.26221,307513.398
A003,2021-05-01,128.283489,330980.27
A003,2021-06-01,124.09542,317943.454
A003,2021-07-01,131.247117,330673.504
A003,2021-08-01,128.518137,328588.016
A003,2021-09-01,120.86625,297148.89400000003
A003,2021-10-01,121.479741,302902.23
A003,2021-11-01,119.66842199999999,295193.32
A003,2021-12-01,118.253787,284535.652
A003,2022-01-01,112.812288,294840.514
A003,2022-02-01,104.427543,276446.746
A003,2022-03-01,118.024848,306844.298
A003,2022-04-01,118.18182,310760.596
A003,2022-05-01,119.203689,313897.91599999997
A003,2022-06-01,119.280546,316872.80199999997
A003,2022-07-01,124.000941,325656.514
A003,2022-08-01,118.929876,314277.914
A003,2022-09-01,115.56205800000001,301389.4
A003,2022-10-01,116.249184,308639.566
A003,2022-11-01,110.856684,281805.34
A003,2022-12-01,112.669416,290044.736
A003,2023-01-01,110.32791,296468.68200000003
A003,2023-02-01,99.430488,261344.02
A003,2023-03-01,112.912248,304019.348
A003,2023-04-01,108.084675,297195.216
A003,2023-05-01,119.841747,322261.43200000003
A003,2023-06-01,112.678905,304341.404
A003,2023-07-01,115.640811,315304.682
A003,2023-08-01,116.543307,318080.878
A003,2023-09-01,112.43771100000001,300310.19
A003,2023-10-01,111.947406,298169.612
A003,2023-11-01,109.567944,291329.078
A003,2023-12-01,110.049609,292757.162
A003,2024-01-01,105.860988,290424.698
A003,2024-02-01,99.804636,275450.554
A003,2024-03-01,106.939983,305445.172
A003,2024-04-01,107.657982,300643.224
A003,2024-05-01,111.251412,319735.508
A003,2024-06-01,108.59982600000001,303197.994
A003,2024-07-01,114.283041,323067.844
A003,2024-08-01,110.161257,319296.872
A003,2024-09-01,106.012248,299295.6
A003,2024-10-01,106.58815799999999,298044.69
A003,2024-11-01,101.228394,279705.592
A003,2024-12-01,101.457495,280996.748
A003,2025-01-01,97.57839,284240.44
A003,2025-02-01,91.734375,260766.238
A003,2025-03-01,101.598198,291792.682
A003,2025-04-01,100.672326,293695.5
A003,2025-05-01,107.506107,315811.532
A003,2025-06-01,103.895613,304871.064
A003,2025-07-01,108.927603,318794.226
A003,2025-08-01,104.611269,310569.882
A003,2025-09-01,101.105217,294820.654
A003,2025-10-01,101.737653,295758.562
A003,2025-11-01,93.22979099999999,267140.76
A003,2025-12-01,95.822592,271035.66
A004,2020-01-01,203.684109,563310.332
A004,2020-02-01,190.479999,532158.462
A004,2020-03-01,207.08739,577033.95
A004,2020-04-01,206.734467,579065.27
A004,2020-05-01,212.905074,605026.582
A004,2020-06-01,213.380736,607063.7339999999
A004,2020-07-01,212.199945,602366.582
A004,2020-08-01,213.876858,607006.684
A004,2020-09-01,201.758844,566044.05
A004,2020-10-01,206.014038,580706.89
A004,2020-11-01,196.095096,545622.052
A004,2020-12-01,197.725629,544230.816
A004,2021-01-01,189.241314,549079.33
A004,2021-02-01,172.189338,495096.844
A004,2021-03-01,200.605137,580835.128
A004,2021-04-01,187.093362,547693.904
A004,2021-05-01,201.543588,595100.28
A004,2021-06-01,201.972015,594129.134
A004,2021-07-01,203.670996,597726.362
A004,2021-08-01,201.724137,589270.148
A004,2021-09-01,196.331664,572700.018
A004,2021-10-01,196.194996,573953.698
A004,2021-11-01,182.061126,528772.422
A004,2021-12-01,190.230285,548415.872
A004,2022-01-01,170.340552,525467.946
A004,2022-02-01,162.149319,496521.71
A004,2022-03-01,186.897978,572852.386
A004,2022-04-01,178.018011,551532.29
A004,2022-05-01,187.738113,580408.346
A004,2022-06-01,190.07919,591742.644
A004,2022-07-01,195.793569,606984.118
A004,2022-08-01,188.130954,581700.99
A004,2022-09-01,178.756386,556993.202
A004,2022-10-01,178.205676,546908.804
A004,2022-11-01,176.172264,537638.584
A004,2022-12-01,177.24336,547120.522
A004,2023-01-01,166.502751,528032.264
A004,2023-02-01,152.197461,484752.466
A004,2023-03-01,173.925603,558563.448
A004,2023-04-01,173.947764,559192.4
A004,2023-05-01,183.822069,590225.23
A004,2023-06-01,171.495822,560021.0
A004,2023-07-01,183.243561,592841.216
A004,2023-08-01,182.514999,586281.158
A004,2023-09-01,172.078467,549193.738
A004,2023-10-01,172.193958,551398.366
A004,2023-11-01,162.824169,518273.724
A004,2023-12-01,166.69218,533019.404
A004,2024-01-01,162.431484,539743.628
A004,2024-02-01,154.893528,517731.85
A004,2024-03-01,164.739555,547988.53
A004,2024-04-01,164.032794,547292.192
A004,2024-05-01,176.228526,589783.362
A004,2024-06-01,168.602217,563236.398
A004,2024-07-01,172.175304,574126.8319999999
A004,2024-08-01,177.481467,589972.354
A004,2024-09-01,161.25864,543021.02
A004,2024-10-01,166.247118,554598.168
A004,2024-11-01,156.292827,525129.06
A004,2024-12-01,154.112835,512246.88
A004,2025-01-01,149.224296,514442.488
A004,2025-02-01,137.243181,477595.418
A004,2025-03-01,156.912894,546649.338
A004,2025-04-01,157.368366,544345.53
A004,2025-05-01,163.378389,574266.05
A004,2025-06-01,158.188113,554909.69
A004,2025-07-01,164.882004,580639.412
A004,2025-08-01,160.708278,558855.182
A004,2025-09-01,152.038059,528927.142
A004,2025-10-01,156.345651,545401.566
A004,2025-11-01,147.110514,514167.366
A004,2025-12-01,145.443018,506176.928
A005,2020-01-01,330.898623,903249.956
A005,2020-02-01,321.715323,895011.406
A005,2020-03-01,362.246406,1002751.79
A005,2020-04-01,347.58873,966459.214
A005,2020-05-01,376.805136,1057221.484
A005,2020-06-01,360.710787,1011390.794
A005,2020-07-01,352.764774,992666.282
A005,2020-08-01,365.909832,1023914.482
A005,2020-09-01,349.965258,980894.892
A005,2020-10-01,355.31808,982570.062
A005,2020-11-01,334.412427,917789.58
A005,2020-12-01,342.450378,938069.228
A005,2021-01-01,325.267242,932578.892
A005,2021-02-01,298.20255,851461.888
A005,2021-03-01,335.67265199999997,971995.896
A005,2021-04-01,332.823765,965762.498
A005,2021-05-01,346.248417,1003062.484
A005,2021-06-01,352.62035099999997,1023612.872
A005,2021-07-01,344.754234,999700.804
A005,2021-08-01,344.466402,998494.682
A005,2021-09-01,333.694161,957445.142
A005,2021-10-01,337.87147799999997,979396.914
A005,2021-11-01,321.998046,926496.36
A005,2021-12-01,322.256031,914560.014
A005,2022-01-01,307.428957,924525.662
A005,2022-02-01,280.418016,848122.816
A005,2022-03-01,307.880124,934282.674
A005,2022-04-01,303.850575,921994.168
A005,2022-05-01,321.526245,970283.332
A005,2022-06-01,323.454549,994369.942
A005,2022-07-01,329.81988,1009401.204
A005,2022-08-01,324.562245,986682.33
A005,2022-09-01,307.140114,927065.604
A005,2022-10-01,306.70191,935485.664
A005,2022-11-01,297.761325,906533.8
A005,2022-12-01,305.638566,922296.9
A005,2023-01-01,289.937508,902228.01
A005,2023-02-01,266.696307,837051.192
A005,2023-03-01,302.292567,951095.434
A005,2023-04-01,294.557496,932622.034
A005,2023-05-01,306.55913400000003,976038.292
A005,2023-06-01,301.985931,968371.362
A005,2023-07-01,311.735436,993774.8539999999
A005,2023-08-01,314.431431,1003759.282
A005,2023-09-01,294.143949,940141.424
A005,2023-10-01,293.591679,917727.8759999999
A005,2023-11-01,288.146082,905795.742
A005,2023-12-01,288.025098,907819.122
A005,2024-01-01,274.809297,900569.69
A005,2024-02-01,262.493676,858231.626
A005,2024-03-01,280.25166,915780.596
A005,2024-04-01,286.030815,940455.264
A005,2024-05-01,300.075159,995549.896
A005,2024-06-01,292.098654,963840.45
A005,2024-07-01,297.21207,980844.12
A005,2024-08-01,295.963377,976331.836
A005,2024-09-01,279.318657,922509.076
A005,2024-10-01,267.768486,873206.592
A005,2024-11-01,265.971921,877742.92
A005,2024-12-01,273.72504,895594.108
A005,2025-01-01,260.097774,887798.298
A005,2025-02-01,232.264566,795209.278
A005,2025-03-01,262.970403,903530.678
A005,2025-04-01,272.607768,936557.008
A005,2025-05-01,283.23237,978155.12
A005,2025-06-01,279.127269,961608.582
A005,2025-07-01,278.667063,949985.16
A005,2025-08-01,277.38222,953512.6359999999
A005,2025-09-01,269.895861,919248.092
A005,2025-10-01,264.096306,907389.696
A005,2025-11-01,246.291045,834694.714
A005,2025-12-01,252.841374,864507.112
A006,2020-01-01,181.617261,460102.994
A006,2020-02-01,172.550634,438579.022
A006,2020-03-01,184.242648,475528.212
A006,2020-04-01,182.118801,465492.336
A006,2020-05-01,192.229302,491622.576
A006,2020-06-01,180.656418,467983.474
A006,2020-07-01,193.467489,500653.14
A006,2020-08-01,189.688167,491328.676
A006,2020-09-01,178.536297,458938.322
A006,2020-10-01,181.993401,463552.226
A006,2020-11-01,173.07339,439373.108
A006,2020-12-01,184.564275,464005.042
A006,2021-01-01,171.550386,452196.148
A006,2021-02-01,159.091965,419732.966
A006,2021-03-01,172.577724,454404.288
A006,2021-04-01,171.657981,462837.272
A006,2021-05-01,182.011536,489584.556
A006,2021-06-01,168.38421,451781.216
A006,2021-07-01,183.86521199999999,493288.144
A006,2021-08-01,179.485953,485013.62
A006,2021-09-01,172.155234,462216.32
A006,2021-10-01,165.891879,441108.888
A006,2021-11-01,168.555021,445623.578
A006,2021-12-01,173.207997,452552.672
A006,2022-01-01,159.649254,445775.466
A006,2022-02-01,142.545792,393969.924
A006,2022-03-01,163.116438,458727.178
A006,2022-04-01,163.142055,458576.534
A006,2022-05-01,169.030782,471898.704
A006,2022-06-01,164.29668,470537.186
A006,2022-07-01,167.189052,475451.64400000003
A006,2022-08-01,166.196898,469409.726
A006,2022-09-01,160.34660399999999,451364.404
A006,2022-10-01,163.868238,459789.914
A006,2022-11-01,157.488099,436830.27999999997
A006,2022-12-01,160.786308,451294.824
A006,2023-01-01,151.476312,439451.326
A006,2023-02-01,134.346555,398392.082
A006,2023-03-01,155.947599,457856.102
A006,2023-04-01,145.381125,423904.978
A006,2023-05-01,161.553687,475362.846
A006,2023-06-01,157.51617,459954.442
A006,2023-07-01,155.386428,460770.512
A006,2023-08-01,157.052454,464335.332
A006,2023-09-01,153.003708,450209.238
A006,2023-10-01,155.680167,450414.978
A006,2023-11-01,147.49308299999998,428248.49199999997
A006,2023-12-01,147.252417,419820.208
A006,2024-01-01,145.314693,441292.422
A006,2024-02-01,134.853027,410478.634
A006,2024-03-01,141.917367,433176.694
A006,2024-04-01,144.832779,447743.432
A006,2024-05-01,151.106547,463797.816
A006,2024-06-01,149.26002,458480.988
A006,2024-07-01,155.280306,482928.022
A006,2024-08-01,150.010485,458670.528
A006,2024-09-01,141.901743,441797.428
A006,2024-10-01,145.506123,443723.43
A006,2024-11-01,135.658524,416590.944
A006,2024-12-01,137.764755,416181.248
A006,2025-01-01,134.413161,433945.656
A006,2025-02-01,120.730254,391696.192
A006,2025-03-01,134.636931,434118.318
A006,2025-04-01,136.45074,437382.706
A006,2025-05-01,141.505392,454439.77999999997
A006,2025-06-01,140.085387,453514.964
A006,2025-07-01,145.869141,468904.242
A006,2025-08-01,140.521485,449954.758
A006,2025-09-01,139.4415,443925.39
A006,2025-10-01,136.319862,442657.706
A006,2025-11-01,126.634368,401636.368
A006,2025-12-01,131.35281,420940.798
A007,2020-01-01,319.291512,964527.572
A007,2020-02-01,305.850153,927192.632
A007,2020-03-01,339.13572,1025635.768
A007,2020-04-01,336.435807,1024181.66
A007,2020-05-01,348.747183,1060319.578
A007,2020-06-01,338.90259,1035211.444
A007,2020-07-01,355.787961,1084614.576
A007,2020-08-01,355.649127,1078994.932
A007,2020-09-01,337.291557,1024768.412
A007,2020-10-01,331.465512,1008020.188
A007,2020-11-01,318.203799,960522.284
A007,2020-12-01,327.12306,989306.772
A007,2021-01-01,319.249995,1014388.804
A007,2021-02-01,279.292263,889798.822
A007,2021-03-01,317.798985,1018334.954
A007,2021-04-01,320.899668,1030205.858
A007,2021-05-01,327.771315,1050040.31
A007,2021-06-01,331.442079,1065784.71
A007,2021-07-01,332.741346,1074696.082
A007,2021-08-01,328.465707,1058034.154
A007,2021-09-01,316.904352,1020278.646
A007,2021-10-01,330.168867,1046981.828
A007,2021-11-01,298.197138,951378.298
A007,2021-12-01,314.640093,1002842.08
A007,2022-01-01,293.232837,1008710.014
A007,2022-02-01,258.260448,888330.598
A007,2022-03-01,294.579423,1003169.558
A007,2022-04-01,292.054884,997566.536
A007,2022-05-01,296.28702,1019381.42
A007,2022-06-01,307.952106,1056164.276
A007,2022-07-01,308.985537,1067131.684
A007,2022-08-01,305.797956,1060259.5
A007,2022-09-01,284.779617,976659.112
A007,2022-10-01,292.692759,1001128.902
A007,2022-11-01,281.1471,961384.618
A007,2022-12-01,289.157169,983780.21
A007,2023-01-01,268.865364,974125.536
A007,2023-02-01,253.034811,914719.688
A007,2023-03-01,277.2993,998726.028
A007,2023-04-01,263.022093,949676.114
A007,2023-05-01,279.443979,1008189.362
A007,2023-06-01,283.319823,1024956.3
A007,2023-07-01,285.05278500000003,1035484.528
A007,2023-08-01,288.259239,1042373.2
A007,2023-09-01,277.009257,1000312.334
A007,2023-10-01,270.716748,977550.468
A007,2023-11-01,258.61870799999997,941018.812
A007,2023-12-01,264.943014,962644.73
A007,2024-01-01,258.531798,994441.818
A007,2024-02-01,235.361577,901902.334
A007,2024-03-01,260.18751,992444.776
A007,2024-04-01,257.452446,986950.092
A007,2024-05-01,273.729426,1050653.054
A007,2024-06-01,260.794995,994635.21
A007,2024-07-01,278.9553,1061221.894
A007,2024-08-01,267.446826,1031074.55
A007,2024-09-01,241.286622,912319.46
A007,2024-10-01,256.840875,985396.458
A007,2024-11-01,250.261881,959108.956
A007,2024-12-01,246.685599,952729.27
A007,2025-01-01,236.708328,965775.494
A007,2025-02-01,214.057563,874190.138
A007,2025-03-01,239.506623,975252.526
A007,2025-04-01,243.576993,972527.106
A007,2025-05-01,250.583799,1022817.648
A007,2025-06-01,246.794364,997521.2000000001
A007,2025-07-01,253.63584,1024641.442
A007,2025-08-01,251.320716,1011617.098
A007,2025-09-01,232.838769,935882.114
A007,2025-10-01,241.399116,978462.496
A007,2025-11-01,225.951807,918954.936
A007,2025-12-01,229.712505,934671.062
A008,2020-01-01,147.141915,333601.386
A008,2020-02-01,141.379776,338712.742
A008,2020-03-01,153.530778,369236.66
A008,2020-04-01,157.703409,392817.072
A008,2020-05-01,163.097367,400810.532
A008,2020-06-01,160.52166,399280.64
A008,2020-07-01,169.83468,422584.536
A008,2020-08-01,161.390595,391933.642
A008,2020-09-01,155.048583,382337.342
A008,2020-10-01,153.578151,363727.604
A008,2020-11-01,150.807684,356766.268
A008,2020-12-01,150.915837,351999.314
A008,2021-01-01,146.486814,352242.89
A008,2021-02-01,133.98153,325423.83
A008,2021-03-01,153.207621,369374.802
A008,2021-04-01,153.534336,378667.98
A008,2021-05-01,161.796609,398951.978
A008,2021-06-01,161.49734999999998,408749.58400000003
A008,2021-07-01,164.298321,410177.204
A008,2021-08-01,161.741322,401547.33
A008,2021-09-01,151.34919,368855.116
A008,2021-10-01,151.371819,370939.63
A008,2021-11-01,146.144457,355472.092
A008,2021-12-01,143.794815,335076.36
A008,2022-01-01,138.374175,340458.404
A008,2022-02-01,127.068717,314615.03
A008,2022-03-01,145.146933,362113.578
A008,2022-04-01,144.854526,366187.114
A008,2022-05-01,152.180517,390966.282
A008,2022-06-01,156.33950099999998,402557.99
A008,2022-07-01,157.33803,404709.21
A008,2022-08-01,154.672125,403498.678
A008,2022-09-01,138.429765,350566.53
A008,2022-10-01,147.412902,358921.012
A008,2022-11-01,136.254366,341152.738
A008,2022-12-01,142.887483,348043.156
A008,2023-01-01,138.93638099999998,346227.482
A008,2023-02-01,122.451012,304758.708
A008,2023-03-01,140.278722,351183.576
A008,2023-04-01,141.923721,360853.95
A008,2023-05-01,150.287769,387999.112
A008,2023-06-01,152.863254,403633.202
A008,2023-07-01,152.23058699999999,406271.73
A008,2023-08-01,151.59680699999998,398193.324
A008,2023-09-01,140.14387200000002,357414.976
A008,2023-10-01,139.437777,359772.78
A008,2023-11-01,134.88219,341472.94
A008,2023-12-01,132.296661,323993.3
A008,2024-01-01,132.509001,341018.1
A008,2024-02-01,125.122245,319684.828
A008,2024-03-01,137.162451,349459.264
A008,2024-04-01,137.75568,363064.65
A008,2024-05-01,150.82629,398777.082
A008,2024-06-01,142.446432,384271.7
A008,2024-07-01,150.240156,405277.808
A008,2024-08-01,146.549535,387913.114
A008,2024-09-01,134.527602,347980.034
A008,2024-10-01,136.376235,357823.084
A008,2024-11-01,124.208754,324063.384
A008,2024-12-01,128.271336,324851.794
A008,2025-01-01,125.595897,331207.922
A008,2025-02-01,117.873288,308023.816
A008,2025-03-01,136.141761,355285.928
A008,2025-04-01,132.337968,345434.336
A008,2025-05-01,141.957459,386092.844
A008,2025-06-01,133.593162,365303.24
A008,2025-07-01,144.584949,396094.214
A008,2025-08-01,140.911803,377494.246
A008,2025-09-01,134.617893,359428.526
A008,2025-10-01,132.264177,351507.688
A008,2025-11-01,123.79416,326773.188
A008,2025-12-01,130.339197,331756.43
A009,2020-01-01,172.610892,511715.1
A009,2020-02-01,167.50272,494634.794
A009,2020-03-01,176.51313,530951.254
A009,2020-04-01,179.639115,541353.908
A009,2020-05-01,184.270947,557679.152
A009,2020-06-01,180.550323,542630.132
A009,2020-07-01,190.636053,581616.416
A009,2020-08-01,187.755615,568297.448
A009,2020-09-01,179.30409,532844.312
A009,2020-10-01,181.008591,538179.118
A009,2020-11-01,167.755278,499585.59
A009,2020-12-01,174.806679,515177.848
A009,2021-01-01,164.338545,508371.432
A009,2021-02-01,148.782507,463440.082
A009,2021-03-01,174.588711,538314.272
A009,2021-04-01,171.534438,534425.34
A009,2021-05-01,177.726156,554656.5819999999
A009,2021-06-01,175.652895,550272.078
A009,2021-07-01,184.684446,581659.92
A009,2021-08-01,178.783371,558095.054
A009,2021-09-01,171.404103,531595.314
A009,2021-10-01,169.767519,530988.742
A009,2021-11-01,161.296026,497416.332
A009,2021-12-01,165.948738,512727.002
A009,2022-01-01,152.907837,497620.322
A009,2022-02-01,137.842656,453071.668
A009,2022-03-01,162.539661,532574.682
A009,2022-04-01,160.788471,529786.324
A009,2022-05-01,164.988459,543227.306
A009,2022-06-01,169.251585,559962.306
A009,2022-07-01,173.713476,570211.62
A009,2022-08-01,167.734284,553374.844
A009,2022-09-01,161.048247,529781.7880000001
A009,2022-10-01,157.177572,518127.702
A009,2022-11-01,151.870791,497904.878
A009,2022-12-01,150.61656,492162.256
A009,2023-01-01,146.980089,500673.114
A009,2023-02-01,134.731725,459012.588
A009,2023-03-01,151.065297,517823.456
A009,2023-04-01,152.263653,518948.00800000003
A009,2023-05-01,157.279602,537565.652
A009,2023-06-01,156.601494,534939.936
A009,2023-07-01,163.469541,561192.052
A009,2023-08-01,157.21833,536716.872
A009,2023-09-01,151.266045,519359.812
A009,2023-10-01,149.722971,510210.984
A009,2023-11-01,143.049066,488952.18
A009,2023-12-01,144.616551,491736.734
A009,2024-01-01,134.798076,475153.024
A009,2024-02-01,133.26906,475434.562
A009,2024-03-01,142.838688,508723.586
A009,2024-04-01,145.720464,517180.166
A009,2024-05-01,152.317068,541361.702
A009,2024-06-01,146.279055,520403.164
A009,2024-07-01,151.871202,540195.264
A009,2024-08-01,152.314221,545071.506
A009,2024-09-01,138.557508,492992.75
A009,2024-10-01,143.648445,511015.958
A009,2024-11-01,131.607657,466798.994
A009,2024-12-01,136.299708,483966.79600000003
A009,2025-01-01,131.62953,490815.302
A009,2025-02-01,119.634051,446838.538
A009,2025-03-01,131.683296,493291.646
A009,2025-04-01,136.047627,502123.738
A009,2025-05-01,144.977943,541995.382
A009,2025-06-01,137.872875,509349.284
A009,2025-07-01,148.803672,556601.04
A009,2025-08-01,143.254626,534787.922
A009,2025-09-01,134.616321,501359.77
A009,2025-10-01,132.194127,496951.264
A009,2025-11-01,129.327615,481055.222
A009,2025-12-01,129.663588,482572.232
A010,2020-01-01,120.023904,267665.578
A010,2020-02-01,111.873336,253835.6
A010,2020-03-01,123.494529,285375.804
A010,2020-04-01,120.465939,289080.124
A010,2020-05-01,125.067828,300821.47
A010,2020-06-01,127.256613,300872.75
A010,2020-07-01,134.32038,317518.388
A010,2020-08-01,126.20145600000001,298589.178
A010,2020-09-01,122.866191,284347.418
A010,2020-10-01,124.294776,278593.858
A010,2020-11-01,116.474667,260103.196
A010,2020-12-01,113.261991,260815.564
A010,2021-01-01,115.607505,261264.524
A010,2021-02-01,106.008021,243143.066
A010,2021-03-01,117.568134,282346.526
A010,2021-04-01,120.689661,282534.002
A010,2021-05-01,126.854955,307096.77999999997
A010,2021-06-01,121.562394,293892.782
A010,2021-07-01,121.38321,289467.172
A010,2021-08-01,127.106658,302062.15
A010,2021-09-01,118.932858,281510.96
A010,2021-10-01,116.791644,275797.368
A010,2021-11-01,110.278878,253326.512
A010,2021-12-01,111.38991899999999,251707.898
A010,2022-01-01,110.651382,260236.25400000002
A010,2022-02-01,99.926121,241856.546
A010,2022-03-01,114.229797,270543.866
A010,2022-04-01,114.551877,282110.922
A010,2022-05-01,120.039165,295278.77
A010,2022-06-01,118.135878,295739.642
A010,2022-07-01,120.670464,298872.686
A010,2022-08-01,121.013826,294085.662
A010,2022-09-01,111.445731,271012.07
A010,2022-10-01,110.245302,269768.906
A010,2022-11-01,105.232884,248983.204
A010,2022-12-01,109.409511,257128.096
A010,2023-01-01,107.200866,254353.82200000001
A010,2023-02-01,98.02104,235190.416
A010,2023-03-01,112.34145,276942.826
A010,2023-04-01,109.59111,272625.662
A010,2023-05-01,115.500288,296492.76
A010,2023-06-01,113.737539,283262.968
A010,2023-07-01,118.085256,303529.538
A010,2023-08-01,113.643846,290647.558
A010,2023-09-01,110.199273,272817.402
A010,2023-10-01,107.088564,258459.29
A010,2023-11-01,103.416645,251244.528
A010,2023-12-01,106.168095,250625.136
A010,2024-01-01,102.91632,252009.786
A010,2024-02-01,97.692495,235495.624
A010,2024-03-01,109.528023,272938.546
A010,2024-04-01,107.21408100000001,269795.01
A010,2024-05-01,113.40189600000001,292306.256
A010,2024-06-01,111.835773,291950.012
A010,2024-07-01,112.349268,283513.4
A010,2024-08-01,110.997966,283610.212
A010,2024-09-01,106.967328,266839.52
A010,2024-10-01,103.936542,257994.402
A010,2024-11-01,101.935179,244230.916
A010,2024-12-01,102.657315,248744.234
A010,2025-01-01,99.466476,250653.812
A010,2025-02-01,91.70127,230051.316
A010,2025-03-01,102.238185,259808.466
A010,2025-04-01,104.195571,265989.712
A010,2025-05-01,106.333419,279327.602
A010,2025-06-01,104.061507,274336.634
A010,2025-07-01,111.360888,290293.024
A010,2025-08-01,106.99356900000001,274416.24
A010,2025-09-01,101.46851699999999,264949.758
A010,2025-10-01,100.611051,261804.528
A010,2025-11-01,94.547106,239610.114
A010,2025-12-01,98.323521,242921.564
A011,2020-01-01,203.57772,553987.814
A011,2020-02-01,192.844617,525648.512
A011,2020-03-01,214.915809,591661.766
A011,2020-04-01,205.936587,572204.286
A011,2020-05-01,216.67428,600002.34
A011,2020-06-01,217.249533,618420.452
A011,2020-07-01,215.615106,608825.862
A011,2020-08-01,216.834933,608138.264
A011,2020-09-01,208.549791,583754.038
A011,2020-10-01,206.442288,565493.904
A011,2020-11-01,193.181427,529654.102
A011,2020-12-01,195.256059,533044.354
A011,2021-01-01,194.916273,548011.816
A011,2021-02-01,176.23122899999998,498816.152
A011,2021-03-01,204.605649,584108.138
A011,2021-04-01,200.630163,572679.246
A011,2021-05-01,208.746861,602816.22
A011,2021-06-01,206.297292,598206.034
A011,2021-07-01,217.363875,630103.71
A011,2021-08-01,205.05192,590980.372
A011,2021-09-01,198.822948,568911.3640000001
A011,2021-10-01,193.721658,550763.958
A011,2021-11-01,186.247617,519857.984
A011,2021-12-01,187.609674,530897.234
A011,2022-01-01,182.293218,539061.346
A011,2022-02-01,171.285987,502035.048
A011,2022-03-01,190.799142,563686.908
A011,2022-04-01,191.387628,568591.536
A011,2022-05-01,197.338329,581593.452
A011,2022-06-01,192.761997,580048.77
A011,2022-07-01,203.786679,619145.158
A011,2022-08-01,205.391487,619265.278
A011,2022-09-01,190.212882,560533.886
A011,2022-10-01,188.315601,557095.61
A011,2022-11-01,174.434325,506628.71
A011,2022-12-01,180.637191,529620.118
A011,2023-01-01,175.00665899999998,531931.722
A011,2023-02-01,157.275639,470604.49
A011,2023-03-01,182.791872,554765.754
A011,2023-04-01,180.052599,550354.468
A011,2023-05-01,193.529079,589388.366
A011,2023-06-01,193.451058,592027.018
A011,2023-07-01,189.523497,581857.086
A011,2023-08-01,198.019824,608840.31
A011,2023-09-01,181.328256,549367.506
A011,2023-10-01,177.655515,537557.058
A011,2023-11-01,171.274008,513815.052
A011,2023-12-01,169.148511,502258.714
A011,2024-01-01,167.497341,521753.626
A011,2024-02-01,157.941621,494053.12799999997
A011,2024-03-01,172.130955,540492.812
A011,2024-04-01,174.719742,552028.754
A011,2024-05-01,181.963575,574220.394
A011,2024-06-01,176.252277,557482.246
A011,2024-07-01,189.121128,602565.232
A011,2024-08-01,187.073529,591305.098
A011,2024-09-01,172.113366,546391.558
A011,2024-10-01,169.129806,532273.094
A011,2024-11-01,161.277192,497900.094
A011,2024-12-01,161.921034,507533.482
A011,2025-01-01,158.442495,507531.05
A011,2025-02-01,147.770049,473995.112
A011,2025-03-01,162.06876,518289.772
A011,2025-04-01,165.729246,538293.32
A011,2025-05-01,176.503602,569818.752
A011,2025-06-01,170.796423,554696.928
A011,2025-07-01,175.196778,569957.216
A011,2025-08-01,176.796951,580748.626
A011,2025-09-01,164.92899,534260.63
A011,2025-10-01,168.764238,547448.982
A011,2025-11-01,152.156337,494517.516
A011,2025-12-01,159.023829,510542.172
A012,2020-01-01,323.721174,816036.836
A012,2020-02-01,302.613099,777233.516
A012,2020-03-01,323.59968000000003,830958.49
A012,2020-04-01,331.30092,859292.246
A012,2020-05-01,334.284315,888200.694
A012,2020-06-01,340.998651,888387.776
A012,2020-07-01,358.145697,941843.074
A012,2020-08-01,347.867322,904910.774
A012,2020-09-01,321.016092,821325.402
A012,2020-10-01,322.564413,826389.4400000001
A012,2020-11-01,308.530245,785369.984
A012,2020-12-01,317.45423999999997,801791.64
A012,2021-01-01,312.58821,819748.048
A012,2021-02-01,275.71632900000003,723243.792
A012,2021-03-01,319.253376,850256.962
A012,2021-04-01,307.81299,826689.894
A012,2021-05-01,323.292777,868775.146
A012,2021-06-01,330.271578,888474.988
A012,2021-07-01,342.534147,919261.442
A012,2021-08-01,342.633651,923111.686
A012,2021-09-01,307.614579,811766.052
A012,2021-10-01,318.707829,850788.37
A012,2021-11-01,302.729709,793833.832
A012,2021-12-01,307.387368,794437.928
A012,2022-01-01,289.138515,794492.398
A012,2022-02-01,264.002643,721054.914
A012,2022-03-01,304.636554,848705.21
A012,2022-04-01,289.266516,792565.714
A012,2022-05-01,310.985967,883095.696
A012,2022-06-01,310.419099,870486.72
A012,2022-07-01,320.787225,896962.242
A012,2022-08-01,318.377754,883540.18
A012,2022-09-01,289.407534,819753.776
A012,2022-10-01,288.108426,800082.234
A012,2022-11-01,281.902182,770668.908
A012,2022-12-01,278.319906,750170.154
A012,2023-01-01,271.096419,762481.556
A012,2023-02-01,253.555992,704018.634
A012,2023-03-01,294.18489,836211.79
A012,2023-04-01,286.0236,816743.526
A012,2023-05-01,297.266628,867544.242
A012,2023-06-01,302.840049,873894.566
A012,2023-07-01,292.74496800000003,847191.76
A012,2023-08-01,299.895447,863420.912
A012,2023-09-01,285.452226,809921.276
A012,2023-10-01,289.626234,827917.6579999999
A012,2023-11-01,274.834374,773567.9
A012,2023-12-01,270.695316,758873.042
A012,2024-01-01,266.699535,770473.99
A012,2024-02-01,247.562181,726352.34
A012,2024-03-01,273.324033,797300.656
A012,2024-04-01,278.325246,820212.676
A012,2024-05-01,293.591472,865671.192
A012,2024-06-01,277.944165,824814.7119999999
A012,2024-07-01,297.680004,884336.24
A012,2024-08-01,289.840386,866302.112
A012,2024-09-01,276.527298,818076.888
A012,2024-10-01,269.922444,802278.1
A012,2024-11-01,248.653635,718771.608
A012,2024-12-01,259.356534,754838.554
A012,2025-01-01,251.51492100000002,751183.362
A012,2025-02-01,230.55147,697378.402
A012,2025-03-01,261.200586,787778.304
A012,2025-04-01,263.948088,804193.864
A012,2025-05-01,277.007325,847780.592
A012,2025-06-01,265.104576,826751.912
A012,2025-07-01,280.546293,863142.6579999999
A012,2025-08-01,279.075294,867596.756
A012,2025-09-01,260.276103,805816.03
A012,2025-10-01,269.048607,818115.89
A012,2025-11-01,241.201812,728989.818
A012,2025-12-01,250.795413,752435.408
A013,2020-01-01,279.107046,799586.284
A013,2020-02-01,262.337664,753168.764
A013,2020-03-01,289.06541400000003,833304.7880000001
A013,2020-04-01,283.569072,824626.882
A013,2020-05-01,301.941171,888433.312
A013,2020-06-01,305.017491,898331.732
A013,2020-07-01,312.230751,914600.508
A013,2020-08-01,308.413902,906864.772
A013,2020-09-01,287.460963,840988.782
A013,2020-10-01,287.940879,837316.516
A013,2020-11-01,270.068019,774750.034
A013,2020-12-01,276.406956,783574.426
A013,2021-01-01,267.524202,790095.3319999999
A013,2021-02-01,243.498537,720757.732
A013,2021-03-01,281.302491,839986.22
A013,2021-04-01,266.643543,795663.71
A013,2021-05-01,291.141138,874362.866
A013,2021-06-01,293.00565,885244.62
A013,2021-07-01,299.647065,912768.2880000001
A013,2021-08-01,293.795322,878838.952
A013,2021-09-01,274.038723,825072.652
A013,2021-10-01,262.304262,777014.026
A013,2021-11-01,260.266446,770840.808
A013,2021-12-01,264.382548,780619.77
A013,2022-01-01,250.311783,777337.862
A013,2022-02-01,234.18900299999999,727960.018
A013,2022-03-01,265.033683,816824.744
A013,2022-04-01,257.574807,804777.718
A013,2022-05-01,272.542899,854045.184
A013,2022-06-01,277.091163,872822.316
A013,2022-07-01,283.647051,894941.418
A013,2022-08-01,269.183085,845021.65
A013,2022-09-01,270.107028,844604.044
A013,2022-10-01,260.846436,806090.422
A013,2022-11-01,242.61345,745000.1900000001
A013,2022-12-01,255.530184,781550.686
A013,2023-01-01,240.525516,760906.992
A013,2023-02-01,224.250651,712004.496
A013,2023-03-01,249.932472,796040.624
A013,2023-04-01,252.376749,805019.992
A013,2023-05-01,275.957679,881095.624
A013,2023-06-01,267.741765,862448.77
A013,2023-07-01,269.955384,864029.724
A013,2023-08-01,272.416899,874476.642
A013,2023-09-01,245.590212,780107.458
A013,2023-10-01,251.926086,801776.8759999999
A013,2023-11-01,238.871928,762336.594
A013,2023-12-01,233.892129,741174.204
A013,2024-01-01,226.012491,738534.82
A013,2024-02-01,218.782329,718136.624
A013,2024-03-01,237.65255399999998,785815.398
A013,2024-04-01,239.212323,790633.874
A013,2024-05-01,252.338697,834281.176
A013,2024-06-01,248.037645,822452.3
A013,2024-07-01,260.151573,855977.22
A013,2024-08-01,258.77973,861969.122
A013,2024-09-01,240.141375,793365.544
A013,2024-10-01,235.744674,779537.436
A013,2024-11-01,228.499392,747577.506
A013,2024-12-01,229.070337,752777.966
A013,2025-01-01,214.072191,730892.212
A013,2025-02-01,198.54606,668806.442
A013,2025-03-01,234.40321500000002,797341.464
A013,2025-04-01,235.256259,792199.654
A013,2025-05-01,246.048729,845582.648
A013,2025-06-01,246.229971,847305.276
A013,2025-07-01,246.573588,845892.036
A013,2025-08-01,241.201722,822570.354
A013,2025-09-01,227.490711,778010.908
A013,2025-10-01,234.475551,804093.456
A013,2025-11-01,211.992195,719206.086
A013,2025-12-01,209.407389,703527.686
A014,2020-01-01,253.685466,614391.93
A014,2020-02-01,232.422273,574830.328
A014,2020-03-01,260.428083,641180.438
A014,2020-04-01,249.100095,609748.792
A014,2020-05-01,263.141577,652228.286
A014,2020-06-01,261.608409,653369.782
A014,2020-07-01,271.960182,683073.776
A014,2020-08-01,257.418876,647522.55
A014,2020-09-01,253.721127,634499.618
A014,2020-10-01,255.676941,634037.756
A014,2020-11-01,244.970238,594230.054
A014,2020-12-01,252.707184,611115.618
A014,2021-01-01,241.784445,603858.142
A014,2021-02-01,219.854976,559042.414
A014,2021-03-01,245.737281,620439.466
A014,2021-04-01,245.954763,634791.442
A014,2021-05-01,261.476919,673788.882
A014,2021-06-01,246.152841,632424.106
A014,2021-07-01,263.583234,684944.65
A014,2021-08-01,255.095823,651715.73
A014,2021-09-01,241.869609,618788.974
A014,2021-10-01,246.419427,622239.844
A014,2021-11-01,226.531656,561303.752
A014,2021-12-01,233.369199,585967.476
A014,2022-01-01,225.232683,592742.814
A014,2022-02-01,201.872907,538234.994
A014,2022-03-01,232.78130099999998,613683.072
A014,2022-04-01,229.160517,612209.434
A014,2022-05-01,240.715761,654351.794
A014,2022-06-01,238.198419,641999.036
A014,2022-07-01,238.832496,642336.732
A014,2022-08-01,242.327034,660701.938
A014,2022-09-01,231.293487,623889.312
A014,2022-10-01,234.551925,627742.352
A014,2022-11-01,213.598683,571030.168
A014,2022-12-01,224.18163,589318.05
A014,2023-01-01,214.322205,579314.818
A014,2023-02-01,196.175241,530704.466
A014,2023-03-01,227.294646,621551.188
A014,2023-04-01,218.488062,602910.832
A014,2023-05-01,233.302893,652115.304
A014,2023-06-01,228.470031,645028.78
A014,2023-07-01,238.016718,666054.82
A014,2023-08-01,231.818031,648745.88
A014,2023-09-01,216.672225,599245.496
A014,2023-10-01,222.947925,604524.744
A014,2023-11-01,206.752614,559448.27
A014,2023-12-01,210.8721,577075.986
A014,2024-01-01,211.896429,594222.14
A014,2024-02-01,193.101771,542085.838
A014,2024-03-01,214.532628,608715.322
A014,2024-04-01,208.667703,596409.102
A014,2024-05-01,218.273817,633686.5
A014,2024-06-01,214.011507,624617.95
A014,2024-07-01,227.422086,655145.2
A014,2024-08-01,214.115571,609710.322
A014,2024-09-01,205.728507,591714.85
A014,2024-10-01,214.727268,614430.76
A014,2024-11-01,194.769948,562268.042
A014,2024-12-01,205.393338,582567.716
A014,2025-01-01,197.739642,588946.586
A014,2025-02-01,182.290467,543325.658
A014,2025-03-01,197.62026,589551.788
A014,2025-04-01,202.534659,610188.714
A014,2025-05-01,210.222972,618571.58
A014,2025-06-01,207.253074,613872.222
A014,2025-07-01,209.928768,623259.59
A014,2025-08-01,210.385692,633787.096
A014,2025-09-01,198.927426,595651.8859999999
A014,2025-10-01,201.575025,595053.814
A014,2025-11-01,189.350901,560824.726
A014,2025-12-01,198.539745,579801.368
A015,2020-01-01,162.787995,455242.794
A015,2020-02-01,157.294767,446071.692
A015,2020-03-01,163.230126,463299.006
A015,2020-04-01,166.646832,474407.532
A015,2020-05-01,171.705006,493031.85
A015,2020-06-01,161.482275,461256.092
A015,2020-07-01,168.81117,484513.7
A015,2020-08-01,169.785072,489076.73
A015,2020-09-01,160.559808,455984.854
A015,2020-10-01,167.468211,472122.718
A015,2020-11-01,155.104842,435634.406
A015,2020-12-01,164.254122,464330.592
A015,2021-01-01,142.299378,416044.506
A015,2021-02-01,140.90819100000002,418325.032
A015,2021-03-01,159.093078,472066.102
A015,2021-04-01,155.491191,459993.036
A015,2021-05-01,162.065556,482723.592
A015,2021-06-01,152.229696,454972.282
A015,2021-07-01,163.688922,492661.58
A015,2021-08-01,162.240204,485675.528
A015,2021-09-01,153.261498,457056.288
A015,2021-10-01,153.003333,452987.798
A015,2021-11-01,151.281516,447654.82
A015,2021-12-01,150.002211,447159.588
A015,2022-01-01,143.683449,450063.148
A015,2022-02-01,130.343205,410252.536
A015,2022-03-01,149.53665,474798.542
A015,2022-04-01,145.36587600000001,464353.564
A015,2022-05-01,153.222471,484773.22000000003
A015,2022-06-01,143.976417,459824.514
A015,2022-07-01,152.99809199999999,487615.64400000003
A015,2022-08-01,153.301437,486527.456
A015,2022-09-01,144.51776999999998,456613.978
A015,2022-10-01,136.679805,425961.086
A015,2022-11-01,138.399447,441009.832
A015,2022-12-01,144.185451,451371.628
A015,2023-01-01,132.502923,436841.222
A015,2023-02-01,117.716766,390916.938
A015,2023-03-01,135.624321,449899.594
A015,2023-04-01,134.546832,450755.616
A015,2023-05-01,144.878127,480800.672
A015,2023-06-01,138.058416,459248.12
A015,2023-07-01,145.000893,480374.564
A015,2023-08-01,145.55937600000001,480271.922
A015,2023-09-01,136.816323,452493.734
A015,2023-10-01,133.306677,439089.466
A015,2023-11-01,130.833294,428779.58
A015,2023-12-01,131.875728,438102.5
A015,2024-01-01,126.685512,435956.818
A015,2024-02-01,120.187809,416056.08400000003
A015,2024-03-01,125.09551499999999,430691.342
A015,2024-04-01,127.185741,441531.502
A015,2024-05-01,138.100335,478480.814
A015,2024-06-01,133.191537,459931.25
A015,2024-07-01,138.291987,478650.324
A015,2024-08-01,135.515331,472673.258
A015,2024-09-01,129.547977,449245.252
A015,2024-10-01,128.789592,445421.828
A015,2024-11-01,119.934066,416520.686
A015,2024-12-01,117.608223,408052.214
A015,2025-01-01,120.256563,439803.648
A015,2025-02-01,108.125586,393322.394
A015,2025-03-01,119.097798,432531.928
A015,2025-04-01,121.919088,443156.05
A015,2025-05-01,129.473706,469505.648
A015,2025-06-01,120.918204,440669.132
A015,2025-07-01,131.029503,482474.98
A015,2025-08-01,122.065098,443347.242
A015,2025-09-01,118.61948100000001,432594.39
A015,2025-10-01,123.295725,449942.996
A015,2025-11-01,115.093158,423280.104
A015,2025-12-01,116.949252,426807.356
A016,2020-01-01,383.167344,1037457.012
A016,2020-02-01,357.582918,964528.364
A016,2020-03-01,395.661084,1073327.87
A016,2020-04-01,393.179658,1090579.676
A016,2020-05-01,403.429344,1111088.372
A016,2020-06-01,406.765308,1137201.864
A016,2020-07-01,407.23999200000003,1129033.154
A016,2020-08-01,405.137628,1134952.14
A016,2020-09-01,382.682163,1062025.654
A016,2020-10-01,374.870001,1016984.794
A016,2020-11-01,360.460602,979278.5
A016,2020-12-01,362.428242,970853.548
A016,2021-01-01,359.944737,997927.218
A016,2021-02-01,331.743078,923062.022
A016,2021-03-01,379.480722,1072726.258
A016,2021-04-01,373.064358,1044620.804
A016,2021-05-01,394.950999,1133495.0
A016,2021-06-01,389.596578,1110626.258
A016,2021-07-01,385.003407,1113680.198
A016,2021-08-01,395.600112,1136727.496
A016,2021-09-01,356.464065,1019788.3
A016,2021-10-01,371.35344,1053807.9780000001
A016,2021-11-01,356.798487,989203.65
A016,2021-12-01,360.064146,1001428.454
A016,2022-01-01,332.710977,958357.702
A016,2022-02-01,311.49243,912283.62
A016,2022-03-01,343.35483,1011691.51
A016,2022-04-01,350.421018,1032838.52
A016,2022-05-01,380.976222,1141682.162
A016,2022-06-01,365.82016500000003,1088705.7
A016,2022-07-01,375.110025,1129661.278
A016,2022-08-01,375.96331499999997,1116269.908
A016,2022-09-01,351.109824,1041084.908
A016,2022-10-01,350.972187,1044858.356
A016,2022-11-01,327.021108,956319.326
A016,2022-12-01,338.583192,985957.664
A016,2023-01-01,330.163392,993902.78
A016,2023-02-01,299.515698,898083.808
A016,2023-03-01,338.15592300000003,1026394.858
A016,2023-04-01,328.628652,1001085.224
A016,2023-05-01,366.507501,1115577.354
A016,2023-06-01,359.581821,1094902.274
A016,2023-07-01,362.283147,1103655.708
A016,2023-08-01,357.150387,1099652.616
A016,2023-09-01,337.944102,1023594.8960000001
A016,2023-10-01,342.05532,1029815.572
A016,2023-11-01,313.896576,938429.9
A016,2023-12-01,317.212797,967989.47
A016,2024-01-01,310.755525,963202.43
A016,2024-02-01,300.264363,933749.86
A016,2024-03-01,329.450958,1030305.69
A016,2024-04-01,322.11912,1008506.044
A016,2024-05-01,335.371899,1067861.808
A016,2024-06-01,335.832444,1058380.008
A016,2024-07-01,353.498259,1120334.226
A016,2024-08-01,344.406267,1085556.088
A016,2024-09-01,327.104679,1028322.588
A016,2024-10-01,314.895705,978580.476
A016,2024-11-01,305.284002,955952.284
A016,2024-12-01,309.706209,953809.626
A016,2025-01-01,294.713598,944310.152
A016,2025-02-01,266.989008,861276.032
A016,2025-03-01,302.468664,986374.622
A016,2025-04-01,307.009065,1003561.552
A016,2025-05-01,329.659236,1072501.82
A016,2025-06-01,315.732282,1037920.1259999999
A016,2025-07-01,325.49127,1075815.08
A016,2025-08-01,325.075197,1066616.904
A016,2025-09-01,308.730972,1011485.572
A016,2025-10-01,315.168831,1021136.244
A016,2025-11-01,282.585417,922363.628
A016,2025-12-01,292.87149,954808.106
A017,2020-01-01,165.070563,427306.986
A017,2020-02-01,155.145855,406162.442
A017,2020-03-01,168.04918800000002,446084.57
A017,2020-04-01,168.656292,454059.614
A017,2020-05-01,172.071597,465694.776
A017,2020-06-01,174.032517,467966.364
A017,2020-07-01,180.575847,491847.552
A017,2020-08-01,182.110644,488460.764
A017,2020-09-01,169.59042300000002,457673.638
A017,2020-10-01,170.582517,447371.346
A017,2020-11-01,156.268149,401008.462
A017,2020-12-01,162.0414,418389.46
A017,2021-01-01,155.888877,410345.014
A017,2021-02-01,146.817321,390420.306
A017,2021-03-01,165.996609,448284.966
A017,2021-04-01,166.143609,453991.304
A017,2021-05-01,171.019074,473419.806
A017,2021-06-01,175.313997,485579.626
A017,2021-07-01,174.426477,479595.278
A017,2021-08-01,172.529652,477926.188
A017,2021-09-01,164.894004,452712.08400000003
A017,2021-10-01,160.271715,426078.436
A017,2021-11-01,151.312755,401682.298
A017,2021-12-01,154.940664,401586.638
A017,2022-01-01,150.100329,410035.038
A017,2022-02-01,138.802977,378338.692
A017,2022-03-01,162.38989800000002,450132.634
A017,2022-04-01,159.553158,447653.308
A017,2022-05-01,166.344798,473560.226
A017,2022-06-01,164.331729,466930.206
A017,2022-07-01,171.291396,489585.376
A017,2022-08-01,169.458885,480610.256
A017,2022-09-01,158.952969,449618.866
A017,2022-10-01,151.331514,419437.734
A017,2022-11-01,148.088817,408285.102
A017,2022-12-01,147.265182,401644.446
A017,2023-01-01,145.632864,403910.336
A017,2023-02-01,134.447307,376813.886
A017,2023-03-01,153.406959,434691.938
A017,2023-04-01,152.699346,440114.956
A017,2023-05-01,163.00413,468472.474
A017,2023-06-01,163.07073,463279.186
A017,2023-07-01,162.276918,474696.116
A017,2023-08-01,161.384064,455452.422
A017,2023-09-01,145.641357,410977.17
A017,2023-10-01,154.708785,436373.99
A017,2023-11-01,143.66991,397970.83
A017,2023-12-01,143.093412,397596.776
A017,2024-01-01,143.708583,408789.054
A017,2024-02-01,134.178654,383911.294
A017,2024-03-01,149.766432,430946.84
A017,2024-04-01,149.86282500000002,440769.842
A017,2024-05-01,158.219154,465704.65
A017,2024-06-01,148.86158700000001,436379.44800000003
A017,2024-07-01,161.759025,475586.072
A017,2024-08-01,153.719937,446197.018
A017,2024-09-01,149.245554,437349.26
A017,2024-10-01,144.196338,419873.186
A017,2024-11-01,133.086441,385936.504
A017,2024-12-01,139.913916,391206.578
A017,2025-01-01,132.87389100000001,388896.258
A017,2025-02-01,127.238883,376495.476
A017,2025-03-01,142.01292899999999,418089.23
A017,2025-04-01,144.16482,436759.752
A017,2025-05-01,149.005911,447667.676
A017,2025-06-01,147.069438,440012.292
A017,2025-07-01,152.758239,463646.036
A017,2025-08-01,147.588687,440356.332
A017,2025-09-01,143.143863,425657.352
A017,2025-10-01,139.492191,411559.302
A017,2025-11-01,130.883226,390181.768
A017,2025-12-01,131.543304,383619.068
A018,2020-01-01,92.863605,148002.154
A018,2020-02-01,89.163033,141599.958
A018,2020-03-01,94.538061,155860.136
A018,2020-04-01,94.158558,159594.5
A018,2020-05-01,96.225942,165484.506
A018,2020-06-01,92.338131,165744.698
A018,2020-07-01,94.267392,166436.75
A018,2020-08-01,94.020891,160595.142
A018,2020-09-01,90.639747,154269.974
A018,2020-10-01,95.509155,155962.508
A018,2020-11-01,88.438731,141068.72
A018,2020-12-01,90.698154,142517.188
A018,2021-01-01,88.545519,142987.13
A018,2021-02-01,80.193246,129747.694
A018,2021-03-01,92.053206,152083.58
A018,2021-04-01,89.533161,147973.38
A018,2021-05-01,91.977486,161856.364
A018,2021-06-01,95.71317,162301.21
A018,2021-07-01,95.080482,166817.75
A018,2021-08-01,93.803439,158670.228
A018,2021-09-01,90.848913,157311.49
A018,2021-10-01,90.211764,150832.288
A018,2021-11-01,88.425618,141979.174
A018,2021-12-01,89.73156300000001,142216.25
A018,2022-01-01,89.61321600000001,141721.838
A018,2022-02-01,78.897441,131032.952
A018,2022-03-01,84.84057,144638.926
A018,2022-04-01,87.261,152537.054
A018,2022-05-01,92.099112,163775.296
A018,2022-06-01,87.557667,161249.56
A018,2022-07-01,92.044575,162626.78
A018,2022-08-01,92.144445,159998.226
A018,2022-09-01,88.929477,149993.658
A018,2022-10-01,87.47784,147497.354
A018,2022-11-01,80.491056,136508.578
A018,2022-12-01,82.577451,138183.892
A018,2023-01-01,84.271686,138729.068
A018,2023-02-01,75.6741,127206.874
A018,2023-03-01,88.161573,149288.804
A018,2023-04-01,86.652534,150564.198
A018,2023-05-01,90.604554,161487.158
A018,2023-06-01,87.083058,155575.604
A018,2023-07-01,90.710973,163124.322
A018,2023-08-01,90.206085,156768.482
A018,2023-09-01,85.491126,152625.812
A018,2023-10-01,86.201208,147299.828
A018,2023-11-01,81.173424,138942.7
A018,2023-12-01,82.365546,137792.986
A018,2024-01-01,82.988586,136874.974
A018,2024-02-01,80.608152,132598.05
A018,2024-03-01,84.801327,146807.424
A018,2024-04-01,85.29399,147959.492
A018,2024-05-01,91.101732,160012.732
A018,2024-06-01,83.518548,153330.01
A018,2024-07-01,89.247468,164174.916
A018,2024-08-01,83.994474,156396.608
A018,2024-09-01,81.35540999999999,146147.78
A018,2024-10-01,84.82965300000001,146082.31
A018,2024-11-01,78.930831,134848.956
A018,2024-12-01,79.858773,136083.222
A018,2025-01-01,80.05349700000001,138148.03
A018,2025-02-01,72.911841,122563.532
A018,2025-03-01,79.914474,141994.422
A018,2025-04-01,80.95044,145512.308
A018,2025-05-01,80.617473,152404.7
A018,2025-06-01,81.990984,154244.92
A018,2025-07-01,87.234381,158034.582
A018,2025-08-01,84.811683,153925.09
A018,2025-09-01,79.894266,142575.162
A018,2025-10-01,82.123692,141938.274
A018,2025-11-01,73.831503,130075.262
A018,2025-12-01,77.23095,136228.308
